node_id,label_1,label_2,label_3
0,2,0.0,
1,0,,
2,1,0.0,
3,3,1.0,
4,2,5.0,3.0
5,4,,
6,3,,
7,1,,
8,0,,
9,5,,
10,5,,
11,4,,
12,4,,
13,1,3.0,4.0
14,5,3.0,
15,5,,
16,2,,
17,3,2.0,4.0
18,0,4.0,
19,2,,
20,3,5.0,2.0
21,5,0.0,
22,0,4.0,1.0
23,2,,
24,1,5.0,
25,0,2.0,
26,0,2.0,
27,1,2.0,
28,5,,
29,0,4.0,3.0
30,5,1.0,0.0
31,0,5.0,2.0
32,5,4.0,
33,3,2.0,
34,1,5.0,
35,0,,
36,4,0.0,
37,3,,
38,1,,
39,2,0.0,
40,3,5.0,
41,2,,
42,0,,
43,4,5.0,
44,1,3.0,4.0
45,0,3.0,5.0
46,1,4.0,0.0
47,0,,
48,3,1.0,
49,3,2.0,
50,5,,
51,1,,
52,1,3.0,
53,4,3.0,2.0
54,0,3.0,
55,3,,
56,2,3.0,1.0
57,0,4.0,5.0
58,5,2.0,3.0
59,2,,
60,0,2.0,4.0
61,3,1.0,
62,2,3.0,4.0
63,2,,
64,1,,
65,4,,
66,3,4.0,
67,0,2.0,
68,2,5.0,
69,3,,
70,5,1.0,4.0
71,4,0.0,
72,1,0.0,3.0
73,1,,
74,0,,
75,0,,
76,5,4.0,
77,0,3.0,2.0
78,2,,
79,1,,
80,1,0.0,
81,3,0.0,
82,5,,
83,0,1.0,
84,4,,
85,0,,
86,1,5.0,
87,0,2.0,
88,2,0.0,3.0
89,1,,
90,4,,
91,5,2.0,
92,2,3.0,
93,4,3.0,2.0
94,2,3.0,0.0
95,5,,
96,5,3.0,
97,0,,
98,4,0.0,
99,4,,
100,4,,
101,3,0.0,4.0
102,4,,
103,0,,
104,5,,
105,2,0.0,
106,5,,
107,5,0.0,1.0
108,1,,
109,1,4.0,
110,0,,
111,0,,
112,0,5.0,1.0
113,4,,
114,1,3.0,0.0
115,4,,
116,3,,
117,3,,
118,3,0.0,
119,3,0.0,2.0
120,2,4.0,1.0
121,5,2.0,
122,1,2.0,
123,3,5.0,
124,1,,
125,4,,
126,3,,
127,1,3.0,
128,2,0.0,
129,1,,
130,4,2.0,
131,1,,
132,2,,
133,0,5.0,
134,2,,
135,2,5.0,3.0
136,3,1.0,0.0
137,2,5.0,
138,1,,
139,5,,
140,2,0.0,
141,5,0.0,
142,2,3.0,4.0
143,0,,
144,5,1.0,3.0
145,5,,
146,1,,
147,0,5.0,
148,1,0.0,2.0
149,0,1.0,4.0
150,2,4.0,0.0
151,5,2.0,0.0
152,2,1.0,3.0
153,4,5.0,
154,3,0.0,
155,2,,
156,5,,
157,3,4.0,5.0
158,3,1.0,
159,0,5.0,
160,5,,
161,3,,
162,1,3.0,
163,2,4.0,
164,4,3.0,
165,1,,
166,2,0.0,3.0
167,5,0.0,2.0
168,2,,
169,0,3.0,
170,3,,
171,2,4.0,
172,0,3.0,4.0
173,2,,
174,4,0.0,
175,1,2.0,
176,2,3.0,4.0
177,5,0.0,
178,1,,
179,5,3.0,2.0
180,2,,
181,0,,
182,5,3.0,1.0
183,2,,
184,2,5.0,
185,1,,
186,4,,
187,4,2.0,5.0
188,0,2.0,5.0
189,0,2.0,1.0
190,1,5.0,2.0
191,1,2.0,4.0
192,5,,
193,4,2.0,3.0
194,4,,
195,2,5.0,
196,5,,
197,4,3.0,5.0
198,3,1.0,4.0
199,3,4.0,0.0
200,5,,
201,0,4.0,
202,0,4.0,2.0
203,2,,
204,4,2.0,
205,2,1.0,
206,0,4.0,3.0
207,2,,
208,0,,
209,1,,
210,3,5.0,
211,0,,
212,3,,
213,4,,
214,1,2.0,
215,5,,
216,2,,
217,4,,
218,5,,
219,4,,
220,5,4.0,
221,2,,
222,4,,
223,2,4.0,3.0
224,0,5.0,
225,0,,
226,1,5.0,
227,0,1.0,
228,3,2.0,
229,4,1.0,
230,4,,
231,1,5.0,
232,1,2.0,4.0
233,1,5.0,3.0
234,0,1.0,3.0
235,0,2.0,3.0
236,4,3.0,0.0
237,5,2.0,3.0
238,0,2.0,4.0
239,4,5.0,3.0
240,4,0.0,5.0
241,1,2.0,5.0
242,1,2.0,4.0
243,0,1.0,
244,3,4.0,
245,5,4.0,
246,0,,
247,2,3.0,
248,0,,
249,4,5.0,0.0
250,5,,
251,4,,
252,4,0.0,1.0
253,2,0.0,
254,1,5.0,4.0
255,2,,
256,3,0.0,
257,0,1.0,
258,2,,
259,4,0.0,2.0
260,5,0.0,3.0
261,0,2.0,
262,1,5.0,
263,4,,
264,3,,
265,4,,
266,2,,
267,4,3.0,1.0
268,3,,
269,2,0.0,
270,5,,
271,1,,
272,3,0.0,2.0
273,3,,
274,1,3.0,5.0
275,4,2.0,
276,0,1.0,
277,5,1.0,
278,1,4.0,
279,0,4.0,3.0
280,4,5.0,
281,4,1.0,
282,1,2.0,0.0
283,2,0.0,
284,5,3.0,
285,4,3.0,
286,1,,
287,1,2.0,3.0
288,2,3.0,
289,0,1.0,
290,3,1.0,5.0
291,0,5.0,
292,2,0.0,
293,4,,
294,4,0.0,3.0
295,5,4.0,0.0
296,2,,
297,5,3.0,0.0
298,4,2.0,
299,3,5.0,
300,4,1.0,2.0
301,4,3.0,2.0
302,3,,
303,4,0.0,5.0
304,2,4.0,
305,4,1.0,3.0
306,2,0.0,4.0
307,0,3.0,
308,1,,
309,2,,
310,4,,
311,5,4.0,2.0
312,3,,
313,2,,
314,3,4.0,1.0
315,3,0.0,
316,4,3.0,2.0
317,0,1.0,
318,2,5.0,3.0
319,5,2.0,
320,0,,
321,0,5.0,
322,2,4.0,0.0
323,4,2.0,1.0
324,4,5.0,
325,0,2.0,
326,1,,
327,4,,
328,2,4.0,
329,2,1.0,
330,5,,
331,1,5.0,
332,0,2.0,5.0
333,5,1.0,4.0
334,3,0.0,
335,0,,
336,3,1.0,
337,2,1.0,5.0
338,3,2.0,4.0
339,3,4.0,0.0
340,0,3.0,2.0
341,3,,
342,4,3.0,0.0
343,3,,
344,0,4.0,5.0
345,2,4.0,
346,2,4.0,1.0
347,5,2.0,0.0
348,5,0.0,1.0
349,1,3.0,
350,4,,
351,1,,
352,1,,
353,3,2.0,
354,4,0.0,3.0
355,1,3.0,4.0
356,1,4.0,
357,2,,
358,1,,
359,3,,
360,0,2.0,1.0
361,2,3.0,0.0
362,0,2.0,3.0
363,2,,
364,0,5.0,1.0
365,4,,
366,1,,
367,5,1.0,
368,0,5.0,1.0
369,2,,
370,0,4.0,
371,0,,
372,4,2.0,
373,2,5.0,0.0
374,4,3.0,2.0
375,4,1.0,3.0
376,2,,
377,0,2.0,1.0
378,5,2.0,4.0
379,0,,
380,4,,
381,5,,
382,0,3.0,5.0
383,5,0.0,4.0
384,5,,
385,1,5.0,
386,0,2.0,5.0
387,4,,
388,1,,
389,5,0.0,
390,4,,
391,1,,
392,1,,
393,4,,
394,3,5.0,
395,1,,
396,2,1.0,
397,4,5.0,2.0
398,4,,
399,0,1.0,
400,5,,
401,1,0.0,
402,3,4.0,2.0
403,1,,
404,2,1.0,
405,0,,
406,2,1.0,3.0
407,4,5.0,
408,1,0.0,3.0
409,5,,
410,1,3.0,
411,5,3.0,4.0
412,3,2.0,5.0
413,5,2.0,
414,5,1.0,2.0
415,3,0.0,
416,1,3.0,4.0
417,4,0.0,5.0
418,5,4.0,3.0
419,5,1.0,
420,4,,
421,5,,
422,5,3.0,
423,0,1.0,
424,1,2.0,0.0
425,5,1.0,4.0
426,0,,
427,5,1.0,
428,0,,
429,0,4.0,
430,1,,
431,2,1.0,
432,3,,
433,3,5.0,
434,5,,
435,5,1.0,
436,2,,
437,0,5.0,
438,3,,
439,5,0.0,
440,2,,
441,3,,
442,0,4.0,2.0
443,1,0.0,3.0
444,0,1.0,
445,1,3.0,0.0
446,5,0.0,4.0
447,0,1.0,
448,2,1.0,5.0
449,4,5.0,3.0
450,1,3.0,
451,2,4.0,
452,4,,
453,5,3.0,1.0
454,5,0.0,
455,1,3.0,
456,4,,
457,3,,
458,4,5.0,1.0
459,5,1.0,
460,3,4.0,
461,1,,
462,3,1.0,
463,1,,
464,4,,
465,4,1.0,0.0
466,2,0.0,1.0
467,0,,
468,3,5.0,2.0
469,1,,
470,4,,
471,1,4.0,5.0
472,3,2.0,
473,2,3.0,
474,3,5.0,
475,3,,
476,4,1.0,5.0
477,4,2.0,
478,2,5.0,3.0
479,1,2.0,
480,5,,
481,0,1.0,4.0
482,4,,
483,5,1.0,
484,4,,
485,5,,
486,1,,
487,4,0.0,1.0
488,0,,
489,2,1.0,3.0
490,1,5.0,
491,2,0.0,5.0
492,2,1.0,
493,1,,
494,1,,
495,0,,
496,1,0.0,5.0
497,5,2.0,3.0
498,3,4.0,
499,2,3.0,
500,5,,
501,3,1.0,0.0
502,0,1.0,
503,2,,
504,3,5.0,4.0
505,5,,
506,2,3.0,4.0
507,0,2.0,
508,3,0.0,2.0
509,5,,
510,2,1.0,
511,4,5.0,
512,0,,
513,5,,
514,5,1.0,2.0
515,0,,
516,4,1.0,5.0
517,4,2.0,0.0
518,5,,
519,2,,
520,2,4.0,5.0
521,2,5.0,4.0
522,4,0.0,
523,5,,
524,1,,
525,2,,
526,0,2.0,3.0
527,4,,
528,4,,
529,1,4.0,
530,4,1.0,
531,3,,
532,5,,
533,3,,
534,3,5.0,1.0
535,3,,
536,3,4.0,
537,4,5.0,0.0
538,3,,
539,4,2.0,5.0
540,2,,
541,2,,
542,4,,
543,5,2.0,0.0
544,4,3.0,
545,3,1.0,
546,2,5.0,
547,1,,
548,4,3.0,2.0
549,5,1.0,
550,2,0.0,4.0
551,2,3.0,4.0
552,0,,
553,0,2.0,4.0
554,4,0.0,2.0
555,4,1.0,
556,5,0.0,
557,3,4.0,
558,4,,
559,3,,
560,0,,
561,3,1.0,
562,2,,
563,4,,
564,0,3.0,
565,5,4.0,2.0
566,1,5.0,2.0
567,1,,
568,5,3.0,2.0
569,3,,
570,2,0.0,
571,4,5.0,
572,3,,
573,4,3.0,1.0
574,1,5.0,3.0
575,1,4.0,
576,1,,
577,2,,
578,3,0.0,4.0
579,1,3.0,
580,5,,
581,5,,
582,3,,
583,5,,
584,3,,
585,4,2.0,
586,1,2.0,
587,2,0.0,1.0
588,5,2.0,
589,4,2.0,
590,5,,
591,3,,
592,1,,
593,4,5.0,
594,1,2.0,
595,4,2.0,
596,4,,
597,1,2.0,3.0
598,4,0.0,
599,0,,
600,5,2.0,
601,4,,
602,0,,
603,4,,
604,2,,
605,1,5.0,
606,2,5.0,
607,2,0.0,
608,4,1.0,
609,5,0.0,
610,3,1.0,5.0
611,1,,
612,2,5.0,0.0
613,2,0.0,
614,5,0.0,
615,1,,
616,5,1.0,
617,1,3.0,
618,0,4.0,
619,4,,
620,0,,
621,5,,
622,5,1.0,3.0
623,0,,
624,1,,
625,2,,
626,3,1.0,
627,3,2.0,5.0
628,1,,
629,1,2.0,
630,5,,
631,3,1.0,4.0
632,3,1.0,
633,0,1.0,3.0
634,0,3.0,2.0
635,3,0.0,
636,0,,
637,1,,
638,4,,
639,2,,
640,2,,
641,0,2.0,1.0
642,5,2.0,1.0
643,5,0.0,4.0
644,0,2.0,
645,4,0.0,1.0
646,0,1.0,5.0
647,2,1.0,
648,3,,
649,4,2.0,0.0
650,3,2.0,
651,1,3.0,4.0
652,2,5.0,0.0
653,4,2.0,3.0
654,5,1.0,
655,1,,
656,2,0.0,5.0
657,0,3.0,
658,1,2.0,
659,1,4.0,
660,3,5.0,
661,5,,
662,0,1.0,
663,2,4.0,
664,5,3.0,1.0
665,0,,
666,3,,
667,5,,
668,3,,
669,0,2.0,3.0
670,2,,
671,2,1.0,5.0
672,3,,
673,0,3.0,
674,5,2.0,4.0
675,1,4.0,5.0
676,1,5.0,
677,4,2.0,
678,2,5.0,0.0
679,1,,
680,3,4.0,0.0
681,2,1.0,4.0
682,1,5.0,
683,5,3.0,
684,0,5.0,
685,1,,
686,2,5.0,
687,1,,
688,5,4.0,3.0
689,5,,
690,0,1.0,
691,4,1.0,
692,5,4.0,2.0
693,3,,
694,5,0.0,1.0
695,0,4.0,
696,3,4.0,2.0
697,0,,
698,3,4.0,
699,5,2.0,
700,4,5.0,0.0
701,2,5.0,
702,2,1.0,5.0
703,4,,
704,1,3.0,2.0
705,1,0.0,2.0
706,0,2.0,
707,3,5.0,
708,2,,
709,5,4.0,3.0
710,5,4.0,
711,1,5.0,
712,3,2.0,0.0
713,5,,
714,5,,
715,2,,
716,5,3.0,0.0
717,2,,
718,5,,
719,0,3.0,
720,5,,
721,4,,
722,1,3.0,5.0
723,4,0.0,1.0
724,2,0.0,3.0
725,1,,
726,4,1.0,0.0
727,3,1.0,
728,5,0.0,
729,1,5.0,
730,3,4.0,
731,3,,
732,4,,
733,3,,
734,5,,
735,4,,
736,0,5.0,2.0
737,5,2.0,
738,4,3.0,5.0
739,3,4.0,2.0
740,3,2.0,
741,4,,
742,5,3.0,1.0
743,1,,
744,0,,
745,2,3.0,
746,3,,
747,5,3.0,1.0
748,5,1.0,3.0
749,0,1.0,4.0
750,2,0.0,
751,4,0.0,
752,3,,
753,2,3.0,
754,3,1.0,4.0
755,3,0.0,4.0
756,0,1.0,
757,3,,
758,3,,
759,3,,
760,0,,
761,3,0.0,
762,1,0.0,
763,2,,
764,2,,
765,4,,
766,1,,
767,1,2.0,
768,3,1.0,4.0
769,0,3.0,4.0
770,3,,
771,5,2.0,4.0
772,4,2.0,1.0
773,2,3.0,5.0
774,5,,
775,3,,
776,0,3.0,
777,4,,
778,5,3.0,1.0
779,5,,
780,0,2.0,
781,3,2.0,1.0
782,5,3.0,
783,1,4.0,3.0
784,3,,
785,5,1.0,4.0
786,3,,
787,4,5.0,3.0
788,2,3.0,
789,5,2.0,
790,3,5.0,4.0
791,2,4.0,3.0
792,0,2.0,
793,2,4.0,1.0
794,2,0.0,4.0
795,2,,
796,4,2.0,
797,5,0.0,
798,1,5.0,3.0
799,0,,
800,0,5.0,
801,4,5.0,3.0
802,4,5.0,
803,4,1.0,
804,4,0.0,2.0
805,1,,
806,5,4.0,0.0
807,1,4.0,
808,3,,
809,2,1.0,
810,3,1.0,
811,3,,
812,1,0.0,
813,5,2.0,
814,3,2.0,
815,1,0.0,
816,3,,
817,1,,
818,5,,
819,0,3.0,
820,1,,
821,0,1.0,3.0
822,5,0.0,
823,4,2.0,
824,0,,
825,1,4.0,5.0
826,5,1.0,
827,2,,
828,3,,
829,3,1.0,0.0
830,4,1.0,
831,2,5.0,
832,1,5.0,2.0
833,0,4.0,2.0
834,2,0.0,1.0
835,3,,
836,4,3.0,2.0
837,5,3.0,1.0
838,5,,
839,4,1.0,
840,3,0.0,
841,0,4.0,
842,1,,
843,5,,
844,0,1.0,
845,5,,
846,4,1.0,
847,5,,
848,2,1.0,5.0
849,1,,
850,5,4.0,
851,5,0.0,
852,2,4.0,3.0
853,4,,
854,5,1.0,4.0
855,0,,
856,4,,
857,0,,
858,0,5.0,2.0
859,0,4.0,2.0
860,3,2.0,1.0
861,2,,
862,1,,
863,5,,
864,3,4.0,2.0
865,1,4.0,3.0
866,0,3.0,
867,2,0.0,3.0
868,2,,
869,3,2.0,
870,1,0.0,
871,3,,
872,0,3.0,2.0
873,3,1.0,2.0
874,5,,
875,2,,
876,3,,
877,5,2.0,1.0
878,3,,
879,4,1.0,
880,5,4.0,
881,3,5.0,
882,4,,
883,4,5.0,1.0
884,3,,
885,1,,
886,0,,
887,2,,
888,0,,
889,0,3.0,
890,1,,
891,4,2.0,
892,3,,
893,0,4.0,
894,0,5.0,
895,1,2.0,3.0
896,4,1.0,
897,3,,
898,4,,
899,2,3.0,1.0
900,0,3.0,2.0
901,4,,
902,1,4.0,0.0
903,2,,
904,2,,
905,0,2.0,1.0
906,0,,
907,3,,
908,0,,
909,5,4.0,2.0
910,3,2.0,
911,5,,
912,1,,
913,0,2.0,4.0
914,0,1.0,
915,0,,
916,2,0.0,
917,4,1.0,
918,3,,
919,5,,
920,4,2.0,1.0
921,3,4.0,
922,0,3.0,
923,0,,
924,3,,
925,0,,
926,3,0.0,1.0
927,1,4.0,
928,0,1.0,4.0
929,0,3.0,5.0
930,0,5.0,
931,2,,
932,4,,
933,0,,
934,1,,
935,0,2.0,1.0
936,5,4.0,
937,0,3.0,
938,0,,
939,4,1.0,
940,5,0.0,
941,0,,
942,3,,
943,3,0.0,5.0
944,0,5.0,1.0
945,0,1.0,4.0
946,4,1.0,
947,1,0.0,
948,3,,
949,5,,
950,3,2.0,
951,2,3.0,0.0
952,5,2.0,0.0
953,2,4.0,0.0
954,5,1.0,
955,3,,
956,1,,
957,5,,
958,0,,
959,2,,
960,5,,
961,3,5.0,4.0
962,3,1.0,2.0
963,3,2.0,0.0
964,4,1.0,
965,2,1.0,4.0
966,4,5.0,0.0
967,0,,
968,0,,
969,1,5.0,
970,4,,
971,4,,
972,1,4.0,
973,0,,
974,0,4.0,
975,2,4.0,3.0
976,5,3.0,2.0
977,0,,
978,0,3.0,
979,5,2.0,1.0
980,5,1.0,
981,3,,
982,4,,
983,4,3.0,0.0
984,4,,
985,1,,
986,4,,
987,2,4.0,1.0
988,4,3.0,5.0
989,0,1.0,
990,0,,
991,2,,
992,2,,
993,0,2.0,
994,0,,
995,2,,
996,2,0.0,
997,3,1.0,4.0
998,5,4.0,
999,3,,
1000,3,,
1001,2,4.0,0.0
1002,3,,
1003,4,0.0,1.0
1004,4,0.0,2.0
1005,4,0.0,3.0
1006,4,5.0,
1007,0,5.0,
1008,1,,
1009,2,0.0,1.0
1010,5,2.0,
1011,5,,
1012,2,,
1013,2,,
1014,4,,
1015,5,1.0,4.0
1016,0,2.0,1.0
1017,3,,
1018,0,2.0,4.0
1019,1,4.0,3.0
1020,2,,
1021,2,,
1022,3,0.0,
1023,2,3.0,
1024,0,1.0,
1025,4,0.0,2.0
1026,3,4.0,
1027,5,2.0,3.0
1028,1,,
1029,5,4.0,0.0
1030,0,2.0,
1031,4,,
1032,0,5.0,
1033,1,2.0,0.0
1034,4,2.0,5.0
1035,3,,
1036,0,4.0,
1037,2,1.0,
1038,4,,
1039,2,1.0,
1040,5,2.0,
1041,2,0.0,5.0
1042,2,,
1043,5,4.0,
1044,4,,
1045,4,,
1046,3,,
1047,0,4.0,
1048,5,1.0,
1049,2,,
1050,4,1.0,0.0
1051,0,5.0,4.0
1052,1,3.0,
1053,1,2.0,0.0
1054,1,3.0,0.0
1055,4,3.0,
1056,3,1.0,
1057,2,4.0,5.0
1058,2,4.0,0.0
1059,3,4.0,
1060,1,5.0,
1061,0,2.0,
1062,2,0.0,5.0
1063,2,3.0,0.0
1064,2,,
1065,5,0.0,
1066,0,5.0,2.0
1067,3,,
1068,4,,
1069,0,3.0,
1070,5,3.0,4.0
1071,4,,
1072,0,,
1073,3,4.0,2.0
1074,5,3.0,
1075,3,5.0,
1076,2,,
1077,4,0.0,1.0
1078,3,4.0,1.0
1079,2,3.0,
1080,1,,
1081,0,3.0,1.0
1082,5,0.0,
1083,4,2.0,
1084,4,,
1085,2,4.0,3.0
1086,2,,
1087,4,1.0,2.0
1088,2,,
1089,2,5.0,3.0
1090,1,2.0,
1091,2,5.0,1.0
1092,4,2.0,3.0
1093,1,2.0,
1094,3,1.0,5.0
1095,1,2.0,
1096,5,0.0,
1097,1,0.0,
1098,3,2.0,0.0
1099,5,4.0,0.0
1100,0,,
1101,2,5.0,
1102,0,2.0,3.0
1103,3,2.0,
1104,0,5.0,4.0
1105,2,,
1106,3,0.0,4.0
1107,1,,
1108,2,5.0,4.0
1109,0,3.0,
1110,4,,
1111,3,5.0,0.0
1112,0,,
1113,5,4.0,2.0
1114,1,0.0,
1115,4,,
1116,4,1.0,5.0
1117,3,4.0,
1118,2,4.0,5.0
1119,2,0.0,
1120,2,,
1121,4,,
1122,3,,
1123,3,1.0,0.0
1124,3,0.0,
1125,1,0.0,
1126,4,,
1127,3,2.0,5.0
1128,3,,
1129,3,1.0,
1130,2,,
1131,0,,
1132,2,3.0,
1133,1,,
1134,4,5.0,
1135,2,0.0,
1136,5,,
1137,1,,
1138,5,2.0,
1139,1,,
1140,0,4.0,1.0
1141,4,5.0,2.0
1142,3,2.0,
1143,4,3.0,
1144,2,,
1145,1,,
1146,1,3.0,2.0
1147,0,5.0,1.0
1148,4,0.0,
1149,3,5.0,
1150,5,4.0,
1151,2,,
1152,0,4.0,
1153,5,4.0,0.0
1154,1,0.0,
1155,1,,
1156,2,,
1157,0,2.0,1.0
1158,4,,
1159,1,0.0,2.0
1160,3,1.0,
1161,3,,
1162,5,3.0,2.0
1163,1,,
1164,1,3.0,5.0
1165,2,,
1166,0,5.0,
1167,0,,
1168,3,4.0,
1169,5,,
1170,0,,
1171,1,0.0,
1172,0,3.0,1.0
1173,3,,
1174,5,0.0,
1175,5,2.0,3.0
1176,2,,
1177,4,,
1178,4,,
1179,5,3.0,1.0
1180,5,,
1181,2,3.0,1.0
1182,3,,
1183,0,,
1184,1,0.0,2.0
1185,1,4.0,3.0
1186,3,4.0,
1187,5,,
1188,2,3.0,5.0
1189,2,1.0,
1190,2,,
1191,4,3.0,5.0
1192,4,2.0,5.0
1193,4,,
1194,0,4.0,
1195,2,1.0,5.0
1196,1,,
1197,3,4.0,5.0
1198,0,,
1199,5,1.0,2.0
1200,0,5.0,2.0
1201,3,1.0,2.0
1202,2,4.0,
1203,5,3.0,4.0
1204,2,5.0,
1205,1,4.0,5.0
1206,1,,
1207,3,,
1208,5,2.0,
1209,3,1.0,
1210,2,,
1211,3,1.0,5.0
1212,0,4.0,3.0
1213,5,3.0,1.0
1214,5,,
1215,3,,
1216,1,,
1217,5,,
1218,0,1.0,
1219,3,,
1220,5,2.0,
1221,1,,
1222,3,,
1223,4,2.0,
1224,4,2.0,0.0
1225,4,0.0,
1226,4,2.0,0.0
1227,1,,
1228,5,2.0,
1229,4,3.0,1.0
1230,2,,
1231,4,3.0,5.0
1232,1,,
1233,4,,
1234,1,,
1235,4,,
1236,5,1.0,2.0
1237,1,,
1238,3,1.0,5.0
1239,2,4.0,
1240,5,1.0,3.0
1241,4,,
1242,0,,
1243,0,4.0,
1244,4,3.0,
1245,1,,
1246,1,,
1247,5,2.0,
1248,1,,
1249,1,,
1250,3,0.0,2.0
1251,5,2.0,3.0
1252,4,0.0,3.0
1253,2,,
1254,3,4.0,
1255,3,2.0,
1256,5,3.0,
1257,2,,
1258,2,,
1259,1,3.0,
1260,3,5.0,1.0
1261,5,3.0,1.0
1262,2,,
1263,0,2.0,
1264,3,5.0,
1265,2,1.0,4.0
1266,5,1.0,0.0
1267,2,3.0,
1268,5,3.0,2.0
1269,4,0.0,
1270,1,,
1271,1,3.0,4.0
1272,2,1.0,
1273,1,0.0,
1274,1,,
1275,3,,
1276,1,,
1277,2,1.0,5.0
1278,5,3.0,0.0
1279,2,5.0,
1280,2,,
1281,4,1.0,5.0
1282,3,4.0,
1283,3,1.0,5.0
1284,3,2.0,
1285,3,,
1286,0,,
1287,2,5.0,4.0
1288,1,5.0,
1289,2,4.0,5.0
1290,4,1.0,2.0
1291,5,0.0,
1292,0,3.0,2.0
1293,1,3.0,0.0
1294,3,,
1295,1,,
1296,4,,
1297,3,5.0,
1298,5,,
1299,5,,
1300,3,5.0,
1301,1,,
1302,5,4.0,1.0
1303,5,3.0,4.0
1304,5,1.0,0.0
1305,3,,
1306,2,,
1307,1,0.0,
1308,4,,
1309,4,,
1310,0,5.0,
1311,1,2.0,0.0
1312,0,,
1313,5,0.0,1.0
1314,4,,
1315,5,,
1316,0,3.0,
1317,3,,
1318,2,4.0,
1319,3,1.0,4.0
1320,1,5.0,4.0
1321,4,,
1322,5,,
1323,2,5.0,0.0
1324,1,,
1325,4,1.0,5.0
1326,2,0.0,5.0
1327,5,1.0,
1328,5,0.0,
1329,5,4.0,
1330,3,,
1331,1,5.0,4.0
1332,2,3.0,4.0
1333,2,1.0,5.0
1334,5,,
1335,4,,
1336,1,,
1337,1,,
1338,1,,
1339,2,,
1340,5,3.0,
1341,1,0.0,
1342,2,0.0,
1343,4,,
1344,3,1.0,5.0
1345,3,,
1346,0,4.0,
1347,2,,
1348,4,3.0,
1349,4,3.0,5.0
1350,5,0.0,
1351,5,,
1352,1,5.0,0.0
1353,5,1.0,
1354,0,,
1355,3,5.0,4.0
1356,2,1.0,
1357,2,,
1358,1,5.0,4.0
1359,4,0.0,
1360,2,,
1361,5,0.0,
1362,3,1.0,
1363,0,4.0,1.0
1364,3,0.0,
1365,2,4.0,
1366,5,1.0,3.0
1367,5,3.0,2.0
1368,0,2.0,4.0
1369,0,1.0,
1370,1,2.0,
1371,2,0.0,1.0
1372,1,0.0,3.0
1373,0,3.0,5.0
1374,0,4.0,5.0
1375,5,0.0,
1376,2,,
1377,2,,
1378,2,3.0,
1379,5,1.0,0.0
1380,4,2.0,1.0
1381,1,,
1382,0,,
1383,0,4.0,5.0
1384,4,5.0,0.0
1385,5,3.0,1.0
1386,2,,
1387,2,5.0,1.0
1388,5,1.0,0.0
1389,3,,
1390,0,2.0,5.0
1391,0,2.0,3.0
1392,1,5.0,0.0
1393,4,2.0,
1394,4,,
1395,4,0.0,
1396,4,0.0,3.0
1397,3,4.0,1.0
1398,5,,
1399,4,0.0,2.0
1400,4,5.0,0.0
1401,1,,
1402,5,,
1403,2,5.0,4.0
1404,5,1.0,
1405,0,,
1406,1,,
1407,0,5.0,
1408,2,3.0,5.0
1409,2,4.0,
1410,4,2.0,1.0
1411,3,,
1412,0,5.0,
1413,5,,
1414,3,0.0,
1415,1,,
1416,0,,
1417,0,4.0,
1418,2,3.0,
1419,0,1.0,
1420,1,3.0,4.0
1421,5,0.0,2.0
1422,4,1.0,3.0
1423,5,,
1424,0,,
1425,4,,
1426,4,1.0,
1427,2,,
1428,1,3.0,5.0
1429,3,2.0,
1430,1,,
1431,2,,
1432,3,,
1433,3,0.0,1.0
1434,0,5.0,
1435,4,1.0,
1436,3,1.0,
1437,4,1.0,5.0
1438,3,,
1439,0,2.0,5.0
1440,0,5.0,
1441,0,3.0,
1442,0,,
1443,5,,
1444,4,5.0,
1445,5,,
1446,0,4.0,
1447,1,3.0,5.0
1448,5,3.0,4.0
1449,0,2.0,
1450,4,5.0,
1451,1,4.0,0.0
1452,0,5.0,
1453,2,,
1454,5,,
1455,4,1.0,
1456,5,4.0,
1457,1,0.0,
1458,1,4.0,
1459,3,0.0,
1460,0,2.0,1.0
1461,5,1.0,
1462,5,,
1463,0,,
1464,5,1.0,4.0
1465,1,3.0,
1466,4,,
1467,3,5.0,2.0
1468,5,0.0,4.0
1469,4,,
1470,2,5.0,
1471,5,,
1472,3,0.0,4.0
1473,2,4.0,
1474,1,0.0,5.0
1475,2,,
1476,1,2.0,
1477,5,3.0,
1478,2,4.0,0.0
1479,2,4.0,
1480,2,,
1481,4,,
1482,3,0.0,4.0
1483,0,2.0,
1484,1,5.0,
1485,3,4.0,
1486,3,,
1487,3,,
1488,2,,
1489,3,,
1490,5,4.0,3.0
1491,5,2.0,
1492,3,1.0,
1493,5,4.0,
1494,2,5.0,
1495,5,2.0,0.0
1496,2,0.0,
1497,4,3.0,5.0
1498,2,4.0,3.0
1499,4,2.0,1.0
1500,0,,
1501,2,,
1502,5,,
1503,4,,
1504,5,0.0,4.0
1505,1,4.0,
1506,5,1.0,
1507,1,3.0,5.0
1508,2,,
1509,4,,
1510,0,3.0,1.0
1511,5,1.0,
1512,1,,
1513,1,5.0,2.0
1514,0,,
1515,2,0.0,
1516,4,1.0,0.0
1517,1,3.0,
1518,3,4.0,2.0
1519,3,,
1520,5,4.0,
1521,4,0.0,
1522,3,,
1523,5,,
1524,4,5.0,2.0
1525,3,4.0,2.0
1526,4,0.0,3.0
1527,5,1.0,3.0
1528,2,4.0,
1529,1,,
1530,4,3.0,
1531,0,2.0,
1532,3,0.0,2.0
1533,4,2.0,5.0
1534,5,,
1535,0,5.0,4.0
1536,5,0.0,4.0
1537,0,,
1538,2,1.0,
1539,4,5.0,
1540,0,5.0,
1541,4,3.0,1.0
1542,0,5.0,2.0
1543,3,,
1544,0,2.0,5.0
1545,4,3.0,
1546,0,3.0,2.0
1547,4,5.0,1.0
1548,2,3.0,1.0
1549,2,1.0,
1550,0,2.0,
1551,5,,
1552,0,,
1553,3,5.0,
1554,0,4.0,3.0
1555,4,5.0,3.0
1556,1,5.0,
1557,2,4.0,0.0
1558,4,,
1559,2,0.0,
1560,5,,
1561,0,5.0,4.0
1562,5,0.0,4.0
1563,5,0.0,4.0
1564,5,4.0,1.0
1565,1,2.0,0.0
1566,0,4.0,5.0
1567,5,2.0,4.0
1568,2,,
1569,3,,
1570,1,5.0,
1571,5,1.0,
1572,1,0.0,4.0
1573,4,,
1574,3,5.0,4.0
1575,5,,
1576,2,0.0,
1577,2,0.0,
1578,5,,
1579,4,5.0,2.0
1580,2,0.0,5.0
1581,3,,
1582,2,1.0,
1583,2,0.0,
1584,3,2.0,5.0
1585,4,,
1586,0,1.0,5.0
1587,3,5.0,1.0
1588,2,5.0,4.0
1589,1,,
1590,1,0.0,2.0
1591,5,3.0,4.0
1592,5,1.0,
1593,2,,
1594,1,0.0,5.0
1595,3,5.0,
1596,1,4.0,
1597,3,,
1598,2,0.0,3.0
1599,4,1.0,
1600,1,0.0,4.0
1601,4,1.0,3.0
1602,1,0.0,
1603,2,,
1604,0,3.0,5.0
1605,1,3.0,
1606,2,4.0,5.0
1607,3,4.0,
1608,2,1.0,
1609,3,2.0,
1610,0,1.0,4.0
1611,2,3.0,5.0
1612,1,0.0,
1613,4,2.0,3.0
1614,5,4.0,
1615,3,0.0,
1616,2,,
1617,4,,
1618,4,1.0,2.0
1619,3,0.0,
1620,1,,
1621,2,0.0,
1622,1,4.0,
1623,0,,
1624,1,3.0,4.0
1625,1,,
1626,4,2.0,
1627,3,1.0,
1628,4,3.0,
1629,2,,
1630,1,3.0,
1631,5,0.0,4.0
1632,5,,
1633,5,1.0,3.0
1634,1,,
1635,2,5.0,4.0
1636,2,3.0,4.0
1637,2,1.0,0.0
1638,4,,
1639,0,4.0,
1640,4,,
1641,2,5.0,1.0
1642,1,4.0,
1643,3,0.0,
1644,4,,
1645,1,4.0,5.0
1646,4,,
1647,0,4.0,3.0
1648,1,,
1649,5,1.0,
1650,2,1.0,
1651,1,4.0,
1652,1,4.0,
1653,1,,
1654,5,,
1655,4,,
1656,1,,
1657,1,2.0,3.0
1658,3,4.0,
1659,0,,
1660,5,4.0,
1661,0,2.0,
1662,3,,
1663,0,5.0,
1664,4,,
1665,2,,
1666,2,,
1667,2,1.0,4.0
1668,3,,
1669,0,3.0,
1670,2,,
1671,5,,
1672,2,0.0,1.0
1673,1,5.0,0.0
1674,3,,
1675,5,3.0,
1676,1,,
1677,2,,
1678,5,2.0,
1679,3,5.0,
1680,1,3.0,4.0
1681,2,5.0,
1682,1,,
1683,4,,
1684,5,2.0,3.0
1685,1,4.0,0.0
1686,2,,
1687,2,,
1688,2,0.0,3.0
1689,3,5.0,
1690,4,1.0,3.0
1691,1,2.0,4.0
1692,5,4.0,
1693,4,,
1694,5,2.0,1.0
1695,1,3.0,
1696,5,0.0,
1697,3,5.0,4.0
1698,4,2.0,1.0
1699,2,,
1700,0,3.0,1.0
1701,2,,
1702,4,5.0,
1703,0,5.0,
1704,0,1.0,4.0
1705,0,1.0,2.0
1706,0,1.0,
1707,2,,
1708,3,2.0,0.0
1709,0,,
1710,1,,
1711,1,5.0,3.0
1712,2,,
1713,4,,
1714,1,3.0,2.0
1715,4,2.0,
1716,3,,
1717,2,5.0,
1718,5,1.0,
1719,3,2.0,
1720,2,5.0,4.0
1721,1,5.0,2.0
1722,3,,
1723,4,,
1724,5,0.0,1.0
1725,5,3.0,
1726,4,,
1727,1,,
1728,2,1.0,4.0
1729,0,5.0,
1730,4,,
1731,1,0.0,4.0
1732,1,,
1733,0,4.0,1.0
1734,0,2.0,5.0
1735,4,,
1736,0,2.0,5.0
1737,2,,
1738,3,5.0,
1739,4,2.0,3.0
1740,3,0.0,
1741,5,3.0,2.0
1742,3,2.0,0.0
1743,5,,
1744,0,2.0,4.0
1745,4,3.0,1.0
1746,0,1.0,5.0
1747,1,4.0,3.0
1748,5,3.0,1.0
1749,3,1.0,2.0
1750,0,3.0,
1751,5,3.0,
1752,4,,
1753,5,3.0,
1754,3,,
1755,0,1.0,2.0
1756,5,,
1757,5,,
1758,5,,
1759,2,,
1760,2,0.0,
1761,4,3.0,0.0
1762,3,,
1763,1,4.0,0.0
1764,4,,
1765,1,4.0,2.0
1766,3,,
1767,4,,
1768,1,3.0,
1769,2,3.0,
1770,4,0.0,
1771,5,,
1772,2,0.0,
1773,1,3.0,
1774,4,0.0,
1775,5,,
1776,1,0.0,
1777,0,2.0,3.0
1778,0,,
1779,3,,
1780,3,5.0,4.0
1781,0,,
1782,1,4.0,
1783,0,3.0,1.0
1784,2,,
1785,4,1.0,0.0
1786,0,,
1787,5,,
1788,5,3.0,4.0
1789,4,5.0,
1790,5,4.0,1.0
1791,4,3.0,5.0
1792,2,0.0,3.0
1793,0,,
1794,2,,
1795,4,5.0,
1796,4,5.0,
1797,5,,
1798,4,3.0,1.0
1799,1,,
1800,0,3.0,2.0
1801,5,4.0,3.0
1802,5,0.0,1.0
1803,3,,
1804,0,1.0,3.0
1805,5,,
1806,3,4.0,0.0
1807,2,,
1808,5,3.0,1.0
1809,1,4.0,
1810,4,0.0,1.0
1811,3,,
1812,4,,
1813,0,1.0,2.0
1814,0,2.0,5.0
1815,0,4.0,2.0
1816,4,,
1817,3,0.0,
1818,4,,
1819,3,,
1820,0,,
1821,5,1.0,
1822,2,,
1823,3,5.0,
1824,2,1.0,
1825,5,,
1826,0,3.0,5.0
1827,1,0.0,
1828,0,,
1829,2,,
1830,4,0.0,
1831,5,,
1832,0,,
1833,2,1.0,
1834,5,,
1835,5,0.0,
1836,5,3.0,2.0
1837,5,,
1838,2,3.0,1.0
1839,2,,
1840,2,0.0,
1841,4,3.0,
1842,2,5.0,1.0
1843,1,,
1844,3,,
1845,0,2.0,
1846,0,,
1847,1,3.0,5.0
1848,2,,
1849,5,4.0,2.0
1850,3,,
1851,3,,
1852,0,4.0,1.0
1853,5,,
1854,1,4.0,
1855,3,,
1856,5,0.0,
1857,0,3.0,
1858,5,,
1859,2,5.0,3.0
1860,1,3.0,2.0
1861,5,,
1862,2,5.0,0.0
1863,3,5.0,4.0
1864,4,,
1865,1,2.0,
1866,4,2.0,1.0
1867,1,,
1868,1,,
1869,5,4.0,
1870,0,1.0,3.0
1871,3,1.0,0.0
1872,3,5.0,2.0
1873,1,5.0,
1874,3,,
1875,4,1.0,0.0
1876,3,,
1877,5,2.0,
1878,3,,
1879,4,,
1880,3,,
1881,5,,
1882,2,1.0,
1883,1,3.0,
1884,2,,
1885,2,,
1886,0,,
1887,0,1.0,
1888,1,3.0,4.0
1889,3,2.0,1.0
1890,5,0.0,2.0
1891,5,4.0,
1892,4,3.0,2.0
1893,2,3.0,
1894,1,,
1895,2,1.0,
1896,1,,
1897,1,3.0,2.0
1898,5,3.0,
1899,5,,
1900,5,1.0,
1901,1,5.0,4.0
1902,0,1.0,
1903,3,4.0,5.0
1904,3,,
1905,5,,
1906,1,3.0,0.0
1907,4,,
1908,2,0.0,4.0
1909,4,5.0,0.0
1910,1,,
1911,1,,
1912,1,4.0,
1913,2,,
1914,1,2.0,4.0
1915,5,2.0,1.0
1916,3,5.0,
1917,4,3.0,5.0
1918,4,5.0,3.0
1919,2,,
1920,2,,
1921,3,4.0,5.0
1922,3,4.0,
1923,5,3.0,
1924,4,2.0,
1925,4,2.0,
1926,2,,
1927,3,,
1928,4,2.0,5.0
1929,1,0.0,3.0
1930,3,,
1931,2,,
1932,5,2.0,3.0
1933,3,,
1934,4,0.0,1.0
1935,4,,
1936,2,4.0,0.0
1937,1,3.0,
1938,3,,
1939,0,,
1940,4,,
1941,2,3.0,
1942,2,5.0,1.0
1943,3,1.0,
1944,5,,
1945,0,1.0,
1946,4,3.0,0.0
1947,0,1.0,5.0
1948,3,5.0,
1949,0,3.0,5.0
1950,5,4.0,0.0
1951,0,1.0,
1952,4,3.0,
1953,1,,
1954,5,,
1955,0,,
1956,4,2.0,
1957,4,0.0,
1958,1,0.0,5.0
1959,3,,
1960,1,3.0,5.0
1961,2,,
1962,1,3.0,
1963,2,4.0,
1964,3,,
1965,4,5.0,1.0
1966,1,4.0,2.0
1967,4,,
1968,1,,
1969,4,2.0,
1970,1,2.0,3.0
1971,2,5.0,
1972,4,,
1973,4,0.0,
1974,3,,
1975,2,1.0,
1976,2,,
1977,4,3.0,1.0
1978,0,5.0,
1979,2,5.0,0.0
1980,1,3.0,0.0
1981,3,5.0,4.0
1982,4,1.0,
1983,1,3.0,
1984,2,,
1985,4,0.0,1.0
1986,2,5.0,0.0
1987,2,,
1988,5,1.0,
1989,3,0.0,4.0
1990,0,,
1991,2,,
1992,1,3.0,5.0
1993,1,4.0,
1994,0,,
1995,5,2.0,4.0
1996,5,3.0,
1997,5,4.0,1.0
1998,3,2.0,0.0
1999,0,,
2000,5,3.0,
2001,0,,
2002,0,4.0,
2003,0,1.0,3.0
2004,4,,
2005,2,4.0,3.0
2006,5,1.0,
2007,4,5.0,3.0
2008,2,3.0,0.0
2009,2,3.0,
2010,5,1.0,
2011,3,,
2012,0,,
2013,1,2.0,0.0
2014,4,,
2015,1,,
2016,3,4.0,1.0
2017,4,,
2018,2,,
2019,5,4.0,1.0
2020,1,0.0,
2021,2,3.0,
2022,5,0.0,2.0
2023,1,0.0,
2024,5,4.0,1.0
2025,3,2.0,0.0
2026,0,,
2027,2,3.0,
2028,4,3.0,
2029,5,0.0,3.0
2030,5,,
2031,1,,
2032,3,,
2033,1,5.0,
2034,2,0.0,4.0
2035,0,,
2036,2,3.0,1.0
2037,0,,
2038,3,,
2039,5,1.0,4.0
2040,5,0.0,2.0
2041,1,0.0,
2042,0,,
2043,5,0.0,2.0
2044,5,,
2045,2,1.0,
2046,4,2.0,3.0
2047,1,,
2048,2,1.0,
2049,2,0.0,
2050,4,,
2051,5,4.0,2.0
2052,0,3.0,
2053,3,0.0,
2054,5,,
2055,2,,
2056,3,5.0,
2057,1,4.0,
2058,2,5.0,
2059,0,1.0,5.0
2060,5,,
2061,3,4.0,
2062,5,4.0,
2063,3,,
2064,1,5.0,3.0
2065,0,3.0,
2066,3,,
2067,5,2.0,1.0
2068,4,0.0,5.0
2069,3,,
2070,0,5.0,1.0
2071,3,0.0,
2072,4,5.0,
2073,4,2.0,
2074,3,1.0,0.0
2075,1,2.0,
2076,5,1.0,
2077,3,0.0,
2078,2,0.0,1.0
2079,2,4.0,
2080,3,,
2081,1,3.0,
2082,5,2.0,
2083,4,0.0,3.0
2084,1,,
2085,5,,
2086,4,5.0,
2087,1,,
2088,3,1.0,
2089,4,1.0,3.0
2090,4,,
2091,3,0.0,1.0
2092,5,,
2093,0,,
2094,2,5.0,
2095,5,4.0,1.0
2096,5,,
2097,5,3.0,0.0
2098,5,0.0,2.0
2099,5,1.0,3.0
2100,3,,
2101,5,3.0,
2102,3,,
2103,5,2.0,3.0
2104,4,1.0,
2105,1,4.0,
2106,4,,
2107,2,4.0,
2108,0,3.0,
2109,5,0.0,
2110,2,,
2111,3,5.0,
2112,5,,
2113,3,0.0,1.0
2114,0,2.0,
2115,5,,
2116,0,3.0,5.0
2117,0,2.0,
2118,5,0.0,
2119,4,3.0,
2120,4,,
2121,2,,
2122,5,,
2123,0,3.0,4.0
2124,0,2.0,1.0
2125,5,,
2126,0,,
2127,3,,
2128,3,1.0,5.0
2129,1,,
2130,0,4.0,
2131,1,,
2132,1,4.0,5.0
2133,1,3.0,4.0
2134,1,2.0,3.0
2135,1,,
2136,0,5.0,
2137,4,1.0,
2138,5,3.0,1.0
2139,5,4.0,2.0
2140,4,0.0,1.0
2141,4,,
2142,3,4.0,5.0
2143,0,4.0,
2144,5,,
2145,1,3.0,
2146,5,4.0,
2147,1,2.0,4.0
2148,3,5.0,4.0
2149,3,,
2150,1,,
2151,5,1.0,2.0
2152,5,1.0,
2153,4,,
2154,1,2.0,3.0
2155,0,4.0,
2156,2,4.0,0.0
2157,1,,
2158,4,1.0,
2159,2,3.0,5.0
2160,4,,
2161,1,4.0,
2162,4,,
2163,1,,
2164,1,3.0,5.0
2165,1,5.0,
2166,4,,
2167,1,2.0,
2168,3,5.0,4.0
2169,1,2.0,5.0
2170,5,0.0,3.0
2171,0,2.0,4.0
2172,5,2.0,
2173,3,0.0,
2174,0,5.0,1.0
2175,0,3.0,1.0
2176,0,,
2177,5,,
2178,4,5.0,1.0
2179,3,4.0,
2180,1,5.0,3.0
2181,1,0.0,4.0
2182,3,,
2183,2,5.0,4.0
2184,5,4.0,2.0
2185,2,,
2186,5,,
2187,3,1.0,
2188,0,5.0,
2189,5,3.0,
2190,2,5.0,3.0
2191,4,5.0,1.0
2192,0,,
2193,5,,
2194,0,,
2195,1,2.0,
2196,0,,
2197,3,1.0,4.0
2198,0,1.0,2.0
2199,0,4.0,
2200,3,4.0,
2201,1,2.0,3.0
2202,4,1.0,
2203,3,0.0,2.0
2204,2,,
2205,1,4.0,
2206,4,,
2207,3,,
2208,5,1.0,
2209,1,0.0,5.0
2210,2,,
2211,5,,
2212,2,,
2213,1,0.0,
2214,3,,
2215,0,3.0,1.0
2216,4,5.0,
2217,4,2.0,3.0
2218,4,0.0,2.0
2219,2,4.0,
2220,2,,
2221,3,1.0,4.0
2222,3,0.0,
2223,0,3.0,4.0
2224,0,2.0,
2225,2,3.0,0.0
2226,0,4.0,3.0
2227,2,5.0,
2228,0,,
2229,0,2.0,
2230,5,3.0,
2231,4,3.0,
2232,1,3.0,
2233,3,2.0,5.0
2234,3,,
2235,5,2.0,
2236,1,3.0,2.0
2237,5,,
2238,2,,
2239,3,2.0,
2240,1,4.0,
2241,5,,
2242,0,1.0,
2243,4,5.0,
2244,5,1.0,
2245,4,,
2246,1,2.0,4.0
2247,0,2.0,
2248,3,2.0,5.0
2249,3,,
2250,4,0.0,2.0
2251,4,2.0,3.0
2252,5,3.0,
2253,1,,
2254,1,,
2255,2,,
2256,2,5.0,4.0
2257,1,3.0,4.0
2258,2,,
2259,2,3.0,
2260,5,,
2261,5,1.0,
2262,5,3.0,
2263,5,3.0,
2264,5,2.0,3.0
2265,0,,
2266,5,,
2267,3,,
2268,1,0.0,4.0
2269,1,4.0,
2270,5,,
2271,2,4.0,0.0
2272,1,,
2273,2,,
2274,2,1.0,3.0
2275,3,,
2276,4,2.0,
2277,1,3.0,0.0
2278,5,,
2279,4,2.0,5.0
2280,4,0.0,
2281,0,,
2282,1,2.0,
2283,3,4.0,
2284,3,,
2285,5,1.0,3.0
2286,4,1.0,
2287,5,,
2288,1,4.0,2.0
2289,2,0.0,4.0
2290,0,4.0,1.0
2291,0,,
2292,0,2.0,
2293,0,,
2294,0,4.0,
2295,3,0.0,
2296,4,1.0,2.0
2297,5,0.0,
2298,4,1.0,
2299,4,5.0,
2300,4,5.0,
2301,1,,
2302,2,4.0,0.0
2303,2,3.0,0.0
2304,2,,
2305,4,5.0,0.0
2306,2,,
2307,3,1.0,2.0
2308,3,4.0,2.0
2309,4,,
2310,1,,
2311,2,4.0,5.0
2312,4,2.0,3.0
2313,3,,
2314,2,4.0,3.0
2315,2,3.0,
2316,3,5.0,
2317,1,5.0,2.0
2318,3,2.0,
2319,2,,
2320,5,2.0,
2321,1,,
2322,1,2.0,4.0
2323,1,4.0,2.0
2324,5,,
2325,1,3.0,4.0
2326,5,2.0,
2327,2,3.0,4.0
2328,4,5.0,
2329,1,0.0,2.0
2330,1,5.0,3.0
2331,4,,
2332,0,2.0,4.0
2333,5,0.0,
2334,4,,
2335,3,,
2336,3,4.0,
2337,0,4.0,
2338,5,,
2339,3,0.0,5.0
2340,0,5.0,3.0
2341,1,3.0,2.0
2342,4,0.0,5.0
2343,3,,
2344,4,5.0,
2345,1,5.0,4.0
2346,1,,
2347,2,1.0,3.0
2348,2,3.0,0.0
2349,2,4.0,
2350,2,5.0,1.0
2351,5,0.0,1.0
2352,1,4.0,
2353,0,2.0,
2354,0,,
2355,0,1.0,
2356,4,1.0,3.0
2357,3,,
2358,0,4.0,
2359,1,3.0,
2360,4,,
2361,0,4.0,5.0
2362,1,0.0,
2363,5,0.0,3.0
2364,5,,
2365,4,,
2366,5,2.0,1.0
2367,3,4.0,
2368,3,5.0,0.0
2369,5,2.0,
2370,4,1.0,0.0
2371,0,1.0,3.0
2372,1,,
2373,1,0.0,
2374,0,,
2375,0,3.0,1.0
2376,4,,
2377,0,5.0,
2378,0,2.0,
2379,3,1.0,2.0
2380,1,4.0,
2381,0,3.0,4.0
2382,0,,
2383,2,4.0,
2384,3,4.0,2.0
2385,4,2.0,
2386,3,5.0,
2387,2,0.0,5.0
2388,4,1.0,
2389,3,,
2390,5,4.0,
2391,3,1.0,
2392,0,,
2393,4,0.0,
2394,3,0.0,1.0
2395,4,,
2396,4,1.0,
2397,3,,
2398,4,1.0,
2399,4,3.0,
2400,3,,
2401,5,2.0,
2402,3,0.0,2.0
2403,4,2.0,
2404,4,5.0,1.0
2405,0,,
2406,3,4.0,2.0
2407,1,,
2408,5,2.0,0.0
2409,4,5.0,0.0
2410,2,3.0,4.0
2411,3,,
2412,1,,
2413,5,2.0,
2414,0,,
2415,3,,
2416,4,,
2417,0,3.0,
2418,3,2.0,4.0
2419,0,,
2420,1,,
2421,4,5.0,
2422,3,0.0,4.0
2423,5,2.0,4.0
2424,5,,
2425,4,1.0,
2426,4,,
2427,4,,
2428,2,5.0,
2429,0,,
2430,4,3.0,
2431,1,3.0,
2432,2,,
2433,5,4.0,2.0
2434,5,0.0,
2435,1,,
2436,0,4.0,1.0
2437,2,,
2438,3,2.0,4.0
2439,1,,
2440,0,4.0,2.0
2441,0,1.0,5.0
2442,0,,
2443,4,0.0,1.0
2444,5,2.0,4.0
2445,4,3.0,1.0
2446,1,5.0,
2447,5,3.0,4.0
2448,1,5.0,
2449,1,0.0,
2450,4,,
2451,3,,
2452,3,1.0,0.0
2453,0,1.0,3.0
2454,2,1.0,0.0
2455,2,4.0,
2456,5,2.0,3.0
2457,3,4.0,
2458,5,,
2459,0,1.0,
2460,5,0.0,1.0
2461,2,,
2462,1,,
2463,5,1.0,
2464,3,,
2465,3,4.0,5.0
2466,3,0.0,2.0
2467,2,,
2468,4,,
2469,4,0.0,1.0
2470,1,2.0,4.0
2471,4,3.0,
2472,2,4.0,
2473,1,2.0,3.0
2474,3,1.0,
2475,1,,
2476,4,,
2477,3,1.0,0.0
2478,2,1.0,5.0
2479,1,,
2480,0,2.0,4.0
2481,4,2.0,
2482,2,5.0,
2483,4,,
2484,4,2.0,1.0
2485,4,,
2486,5,,
2487,2,4.0,
2488,0,4.0,
2489,5,,
2490,2,,
2491,4,5.0,
2492,5,0.0,
2493,3,0.0,5.0
2494,0,3.0,
2495,3,0.0,
2496,0,,
2497,3,1.0,0.0
2498,5,,
2499,0,3.0,
2500,3,0.0,2.0
2501,0,5.0,
2502,5,3.0,4.0
2503,4,0.0,2.0
2504,3,5.0,0.0
2505,0,5.0,4.0
2506,0,,
2507,2,4.0,
2508,1,3.0,
2509,5,,
2510,0,1.0,
2511,3,,
2512,0,4.0,
2513,3,4.0,
2514,3,4.0,1.0
2515,3,5.0,
2516,5,,
2517,5,,
2518,1,4.0,
2519,1,5.0,
2520,4,5.0,1.0
2521,3,,
2522,5,3.0,
2523,5,3.0,
2524,1,0.0,
2525,0,4.0,
2526,3,0.0,
2527,1,2.0,4.0
2528,4,5.0,3.0
2529,4,3.0,
2530,2,,
2531,4,,
2532,2,1.0,
2533,0,,
2534,2,0.0,
2535,3,2.0,
2536,1,0.0,4.0
2537,5,1.0,
2538,3,1.0,
2539,4,2.0,
2540,3,1.0,5.0
2541,4,,
2542,0,3.0,
2543,3,0.0,2.0
2544,1,5.0,2.0
2545,3,5.0,
2546,5,3.0,4.0
2547,4,5.0,
2548,4,1.0,5.0
2549,1,5.0,
2550,2,,
2551,4,,
2552,0,1.0,2.0
2553,5,0.0,3.0
2554,0,1.0,5.0
2555,0,3.0,
2556,3,,
2557,4,,
2558,3,5.0,
2559,1,4.0,3.0
2560,5,,
2561,4,,
2562,0,,
2563,3,,
2564,0,5.0,3.0
2565,1,0.0,3.0
2566,3,1.0,2.0
2567,5,,
2568,4,1.0,
2569,5,2.0,
2570,3,0.0,4.0
2571,1,2.0,5.0
2572,3,2.0,4.0
2573,1,2.0,
2574,0,2.0,
2575,3,,
2576,5,0.0,3.0
2577,2,0.0,
2578,3,,
2579,1,3.0,5.0
2580,1,2.0,5.0
2581,0,5.0,1.0
2582,2,,
2583,4,1.0,3.0
2584,1,,
2585,4,,
2586,0,,
2587,1,0.0,5.0
2588,1,0.0,5.0
2589,1,2.0,
2590,1,,
2591,2,1.0,
2592,2,5.0,0.0
2593,4,5.0,3.0
2594,4,2.0,
2595,0,,
2596,1,,
2597,3,,
2598,3,1.0,2.0
2599,5,,
2600,1,,
2601,1,3.0,
2602,3,5.0,4.0
2603,1,2.0,
2604,5,2.0,
2605,3,4.0,
2606,3,5.0,
2607,3,0.0,4.0
2608,4,2.0,3.0
2609,1,4.0,5.0
2610,0,4.0,
2611,3,1.0,
2612,4,1.0,3.0
2613,4,0.0,
2614,5,0.0,2.0
2615,1,5.0,
2616,5,4.0,2.0
2617,0,5.0,1.0
2618,2,4.0,
2619,2,5.0,
2620,0,,
2621,4,0.0,3.0
2622,0,,
2623,5,,
2624,1,4.0,5.0
2625,2,4.0,
2626,0,5.0,
2627,0,5.0,
2628,1,,
2629,1,5.0,3.0
2630,2,,
2631,5,3.0,0.0
2632,3,2.0,5.0
2633,5,4.0,3.0
2634,0,1.0,3.0
2635,1,2.0,5.0
2636,4,0.0,
2637,5,,
2638,0,,
2639,0,,
2640,2,,
2641,0,1.0,
2642,1,4.0,3.0
2643,3,1.0,2.0
2644,4,,
2645,3,0.0,1.0
2646,5,2.0,3.0
2647,0,,
2648,4,1.0,0.0
2649,3,1.0,
2650,1,0.0,2.0
2651,2,0.0,1.0
2652,0,,
2653,0,2.0,3.0
2654,4,0.0,
2655,1,3.0,0.0
2656,1,,
2657,0,,
2658,4,0.0,1.0
2659,1,4.0,0.0
2660,5,,
2661,4,0.0,
2662,1,5.0,
2663,5,4.0,
2664,5,1.0,3.0
2665,3,0.0,
2666,4,1.0,5.0
2667,3,0.0,2.0
2668,3,5.0,
2669,1,4.0,
2670,5,,
2671,2,3.0,5.0
2672,0,4.0,3.0
2673,5,,
2674,0,2.0,4.0
2675,0,,
2676,1,4.0,3.0
2677,1,,
2678,0,,
2679,5,,
2680,3,1.0,4.0
2681,0,,
2682,4,3.0,5.0
2683,1,,
2684,4,1.0,5.0
2685,3,2.0,1.0
2686,0,1.0,5.0
2687,1,5.0,
2688,5,1.0,0.0
2689,0,,
2690,1,,
2691,4,2.0,5.0
2692,5,4.0,2.0
2693,4,3.0,0.0
2694,0,1.0,5.0
2695,1,,
2696,0,,
2697,0,3.0,5.0
2698,5,2.0,
2699,0,1.0,
2700,3,5.0,1.0
2701,4,1.0,5.0
2702,0,2.0,4.0
2703,2,1.0,0.0
2704,0,4.0,2.0
2705,5,,
2706,1,3.0,
2707,2,4.0,
2708,0,4.0,
2709,2,,
2710,5,,
2711,0,2.0,4.0
2712,5,,
2713,1,4.0,0.0
2714,4,3.0,2.0
2715,4,0.0,1.0
2716,2,,
2717,1,2.0,5.0
2718,5,,
2719,3,,
2720,4,0.0,
2721,0,,
2722,1,,
2723,1,4.0,
2724,1,,
2725,4,,
2726,4,,
2727,0,3.0,
2728,0,,
2729,2,3.0,
2730,2,,
2731,5,,
2732,4,,
2733,5,3.0,
2734,3,0.0,1.0
2735,1,,
2736,5,1.0,
2737,4,,
2738,5,,
2739,5,,
2740,4,0.0,
2741,3,4.0,
2742,1,0.0,4.0
2743,0,1.0,3.0
2744,1,4.0,
2745,1,,
2746,0,4.0,1.0
2747,2,0.0,
2748,5,,
2749,0,,
2750,5,4.0,
2751,0,4.0,1.0
2752,4,2.0,
2753,3,0.0,
2754,3,,
2755,5,,
2756,4,3.0,
2757,4,,
2758,3,5.0,
2759,5,,
2760,5,2.0,
2761,4,2.0,
2762,0,2.0,
2763,4,0.0,5.0
2764,4,0.0,
2765,5,3.0,1.0
2766,5,3.0,1.0
2767,2,1.0,
2768,5,,
2769,5,,
2770,2,0.0,5.0
2771,2,,
2772,4,1.0,2.0
2773,5,1.0,0.0
2774,2,,
2775,4,3.0,2.0
2776,4,,
2777,5,1.0,0.0
2778,1,,
2779,3,1.0,2.0
2780,5,4.0,
2781,5,4.0,
2782,0,,
2783,4,1.0,
2784,1,0.0,
2785,2,,
2786,1,,
2787,4,1.0,2.0
2788,0,,
2789,1,4.0,0.0
2790,3,,
2791,2,0.0,4.0
2792,5,,
2793,3,0.0,4.0
2794,2,,
2795,0,,
2796,5,3.0,
2797,1,,
2798,0,,
2799,1,3.0,
2800,5,4.0,
2801,4,3.0,2.0
2802,1,4.0,
2803,1,,
2804,2,1.0,3.0
2805,1,4.0,
2806,4,,
2807,4,3.0,5.0
2808,4,3.0,
2809,2,,
2810,0,4.0,
2811,2,4.0,1.0
2812,2,4.0,
2813,0,,
2814,0,4.0,
2815,1,5.0,4.0
2816,0,,
2817,3,,
2818,1,4.0,
2819,1,5.0,3.0
2820,2,1.0,4.0
2821,2,5.0,
2822,1,,
2823,1,3.0,
2824,4,5.0,2.0
2825,4,1.0,3.0
2826,4,0.0,2.0
2827,5,2.0,3.0
2828,2,1.0,5.0
2829,1,2.0,3.0
2830,3,1.0,
2831,5,3.0,
2832,2,,
2833,3,,
2834,1,5.0,0.0
2835,4,0.0,
2836,5,1.0,
2837,1,,
2838,4,3.0,2.0
2839,1,0.0,
2840,2,3.0,
2841,1,4.0,5.0
2842,4,5.0,
2843,0,2.0,3.0
2844,0,1.0,2.0
2845,2,5.0,3.0
2846,1,4.0,0.0
2847,1,3.0,
2848,5,2.0,
2849,0,2.0,
2850,1,3.0,0.0
2851,1,5.0,
2852,5,,
2853,0,,
2854,5,4.0,
2855,4,,
2856,3,,
2857,0,1.0,2.0
2858,2,,
2859,5,1.0,
2860,4,3.0,2.0
2861,0,1.0,3.0
2862,2,3.0,5.0
2863,3,1.0,4.0
2864,3,,
2865,4,0.0,5.0
2866,1,3.0,2.0
2867,4,1.0,
2868,2,,
2869,2,4.0,5.0
2870,1,,
2871,4,,
2872,0,3.0,5.0
2873,3,,
2874,2,,
2875,2,1.0,3.0
2876,2,3.0,1.0
2877,3,4.0,1.0
2878,0,3.0,4.0
2879,1,3.0,
2880,0,,
2881,4,0.0,1.0
2882,1,0.0,
2883,3,4.0,5.0
2884,5,1.0,2.0
2885,3,1.0,0.0
2886,3,0.0,
2887,0,5.0,2.0
2888,1,4.0,5.0
2889,5,2.0,
2890,4,,
2891,1,5.0,3.0
2892,5,0.0,
2893,1,,
2894,3,5.0,2.0
2895,3,,
2896,5,2.0,1.0
2897,5,0.0,1.0
2898,5,3.0,4.0
2899,2,4.0,3.0
2900,0,3.0,
2901,0,,
2902,0,5.0,
2903,2,0.0,5.0
2904,3,0.0,4.0
2905,5,,
2906,5,3.0,
2907,4,2.0,
2908,0,3.0,
2909,5,,
2910,4,3.0,
2911,3,5.0,4.0
2912,5,3.0,0.0
2913,4,2.0,
2914,2,0.0,
2915,2,3.0,0.0
2916,3,,
2917,0,,
2918,2,5.0,
2919,4,1.0,0.0
2920,3,2.0,
2921,1,,
2922,1,4.0,
2923,4,3.0,
2924,0,,
2925,1,2.0,
2926,0,,
2927,0,3.0,
2928,2,1.0,4.0
2929,5,,
2930,4,,
2931,5,1.0,0.0
2932,2,,
2933,5,,
2934,0,,
2935,2,0.0,
2936,2,3.0,
2937,0,,
2938,3,5.0,
2939,1,4.0,
2940,5,1.0,2.0
2941,2,5.0,0.0
2942,0,2.0,
2943,4,1.0,
2944,0,,
2945,4,1.0,
2946,5,4.0,
2947,5,,
2948,4,2.0,
2949,1,,
2950,2,1.0,5.0
2951,2,5.0,1.0
2952,2,,
2953,1,,
2954,1,4.0,5.0
2955,2,,
2956,4,2.0,
2957,5,2.0,4.0
2958,1,,
2959,1,2.0,4.0
2960,2,1.0,0.0
2961,4,0.0,1.0
2962,1,3.0,0.0
2963,3,,
2964,1,5.0,
2965,2,,
2966,4,0.0,
2967,2,5.0,
2968,2,,
2969,1,2.0,4.0
2970,1,3.0,
2971,4,5.0,
2972,4,3.0,2.0
2973,2,,
2974,1,,
2975,1,5.0,
2976,5,,
2977,5,0.0,
2978,1,3.0,0.0
2979,0,2.0,4.0
2980,5,3.0,
2981,3,4.0,
2982,2,,
2983,5,,
2984,4,,
2985,0,3.0,
2986,0,4.0,5.0
2987,4,1.0,
2988,4,,
2989,1,3.0,0.0
2990,5,,
2991,2,4.0,
2992,2,,
2993,2,,
2994,1,5.0,
2995,1,0.0,4.0
2996,5,4.0,
2997,4,5.0,2.0
2998,5,3.0,
2999,2,3.0,
3000,1,2.0,
3001,3,2.0,
3002,4,,
3003,2,3.0,
3004,0,,
3005,1,2.0,0.0
3006,4,,
3007,1,3.0,
3008,2,0.0,
3009,2,3.0,5.0
3010,3,,
3011,1,,
3012,4,2.0,
3013,1,,
3014,2,1.0,
3015,2,4.0,0.0
3016,0,5.0,
3017,3,1.0,2.0
3018,2,,
3019,4,0.0,
3020,2,4.0,
3021,1,,
3022,2,1.0,
3023,4,5.0,
3024,0,5.0,3.0
3025,3,,
3026,3,,
3027,2,,
3028,5,,
3029,5,1.0,
3030,2,1.0,
3031,3,2.0,
3032,0,4.0,
3033,4,3.0,
3034,0,4.0,1.0
3035,2,,
3036,3,5.0,0.0
3037,3,5.0,
3038,3,,
3039,4,0.0,
3040,2,0.0,
3041,4,,
3042,1,2.0,
3043,0,3.0,5.0
3044,5,,
3045,4,,
3046,3,2.0,
3047,2,,
3048,3,4.0,5.0
3049,1,5.0,4.0
3050,0,4.0,
3051,2,5.0,
3052,2,4.0,0.0
3053,5,,
3054,0,5.0,
3055,2,,
3056,3,5.0,
3057,1,4.0,
3058,5,2.0,
3059,4,,
3060,1,,
3061,5,,
3062,4,,
3063,3,4.0,
3064,4,5.0,0.0
3065,4,1.0,
3066,4,0.0,2.0
3067,3,0.0,5.0
3068,0,,
3069,2,3.0,5.0
3070,1,4.0,3.0
3071,1,,
3072,3,0.0,
3073,2,1.0,4.0
3074,5,2.0,
3075,0,2.0,
3076,0,,
3077,3,4.0,
3078,5,0.0,4.0
3079,4,3.0,0.0
3080,1,3.0,5.0
3081,1,0.0,5.0
3082,1,3.0,
3083,1,,
3084,3,,
3085,3,,
3086,4,0.0,2.0
3087,1,,
3088,4,,
3089,3,2.0,
3090,5,4.0,1.0
3091,2,5.0,
3092,5,0.0,
3093,5,1.0,
3094,0,3.0,
3095,0,2.0,4.0
3096,4,5.0,
3097,0,5.0,
3098,2,3.0,
3099,4,5.0,2.0
3100,5,,
3101,1,,
3102,5,2.0,4.0
3103,1,3.0,4.0
3104,4,,
3105,1,,
3106,5,2.0,
3107,0,,
3108,2,3.0,1.0
3109,2,,
3110,1,,
3111,5,1.0,3.0
3112,4,,
3113,4,1.0,0.0
3114,4,,
3115,4,2.0,3.0
3116,3,1.0,0.0
3117,3,,
3118,3,4.0,1.0
3119,4,1.0,0.0
3120,4,,
3121,5,1.0,2.0
3122,4,5.0,1.0
3123,0,2.0,4.0
3124,3,0.0,5.0
3125,4,3.0,
3126,5,3.0,
3127,3,,
3128,4,5.0,
3129,4,1.0,
3130,2,,
3131,5,2.0,3.0
3132,5,0.0,
3133,3,1.0,
3134,5,1.0,4.0
3135,2,,
3136,1,,
3137,1,3.0,2.0
3138,5,2.0,
3139,2,0.0,5.0
3140,1,4.0,0.0
3141,4,5.0,0.0
3142,4,5.0,3.0
3143,5,2.0,
3144,1,,
3145,4,,
3146,2,0.0,
3147,5,,
3148,5,3.0,0.0
3149,1,2.0,
3150,3,,
3151,3,5.0,
3152,2,,
3153,2,1.0,5.0
3154,5,,
3155,5,,
3156,3,4.0,5.0
3157,3,,
3158,3,,
3159,0,,
3160,2,,
3161,0,4.0,3.0
3162,3,4.0,2.0
3163,2,4.0,
3164,4,5.0,1.0
3165,4,1.0,
3166,3,5.0,
3167,0,5.0,1.0
3168,2,5.0,
3169,3,5.0,2.0
3170,0,5.0,1.0
3171,0,2.0,
3172,2,,
3173,1,,
3174,2,0.0,5.0
3175,5,1.0,0.0
3176,5,,
3177,5,3.0,
3178,2,4.0,1.0
3179,5,,
3180,5,,
3181,4,,
3182,4,1.0,2.0
3183,2,0.0,3.0
3184,2,,
3185,1,0.0,3.0
3186,3,1.0,5.0
3187,4,0.0,
3188,1,0.0,3.0
3189,5,0.0,
3190,2,1.0,4.0
3191,3,,
3192,1,,
3193,2,5.0,3.0
3194,3,1.0,0.0
3195,1,5.0,3.0
3196,5,,
3197,4,3.0,
3198,5,4.0,0.0
3199,1,,
3200,3,,
3201,2,3.0,
3202,1,4.0,2.0
3203,4,3.0,
3204,5,4.0,
3205,4,5.0,
3206,3,,
3207,0,,
3208,0,3.0,
3209,2,4.0,3.0
3210,4,3.0,
3211,3,,
3212,2,,
3213,2,0.0,
3214,2,3.0,
3215,3,4.0,1.0
3216,1,0.0,
3217,5,,
3218,4,,
3219,1,5.0,
3220,1,,
3221,4,2.0,
3222,0,,
3223,0,,
3224,3,,
3225,0,2.0,3.0
3226,5,,
3227,4,3.0,
3228,3,2.0,4.0
3229,2,,
3230,4,1.0,
3231,2,,
3232,5,0.0,3.0
3233,1,5.0,3.0
3234,5,,
3235,2,,
3236,0,3.0,5.0
3237,0,,
3238,1,5.0,3.0
3239,4,3.0,
3240,4,,
3241,2,,
3242,1,2.0,3.0
3243,4,,
3244,3,2.0,
3245,1,,
3246,1,5.0,
3247,1,0.0,
3248,5,,
3249,3,5.0,4.0
3250,1,2.0,4.0
3251,4,0.0,
3252,2,5.0,4.0
3253,3,,
3254,3,,
3255,1,,
3256,5,1.0,
3257,1,,
3258,3,,
3259,4,,
3260,3,1.0,2.0
3261,3,0.0,
3262,2,0.0,4.0
3263,3,,
3264,3,4.0,
3265,3,5.0,2.0
3266,3,1.0,
3267,1,3.0,5.0
3268,5,,
3269,4,0.0,
3270,3,0.0,2.0
3271,3,,
3272,5,,
3273,0,4.0,3.0
3274,2,3.0,5.0
3275,5,2.0,
3276,3,2.0,5.0
3277,3,1.0,
3278,3,,
3279,3,0.0,
3280,4,3.0,0.0
3281,2,5.0,1.0
3282,5,1.0,0.0
3283,5,2.0,
3284,2,,
3285,3,0.0,1.0
3286,3,4.0,
3287,4,2.0,
3288,1,,
3289,4,5.0,
3290,0,4.0,2.0
3291,3,,
3292,0,5.0,
3293,4,3.0,5.0
3294,2,1.0,4.0
3295,4,,
3296,0,,
3297,1,2.0,
3298,5,0.0,1.0
3299,4,0.0,
3300,5,0.0,3.0
3301,2,,
3302,3,0.0,
3303,0,,
3304,1,5.0,
3305,2,,
3306,1,,
3307,0,2.0,5.0
3308,3,5.0,2.0
3309,1,4.0,
3310,0,5.0,
3311,1,,
3312,5,2.0,
3313,3,2.0,5.0
3314,3,1.0,2.0
3315,4,2.0,1.0
3316,5,,
3317,3,5.0,2.0
3318,2,5.0,
3319,5,2.0,3.0
3320,5,,
3321,0,5.0,
3322,2,0.0,1.0
3323,4,,
3324,2,,
3325,3,,
3326,4,,
